{
  "p50_latency_ms": 0.6970333861902588,
  "p95_latency_ms": 9.204127796459407,
  "p99_latency_ms": 12.431536980958635,
  "mean_latency_ms": 0.8682105050974152,
  "mean_throughput": 1033.3561904761902,
  "peak_throughput": 1066.6666666666667,
  "min_throughput": 640.0,
  "std_throughput": 90.81624028898554,
  "mean_accuracy": 0.9401072527942862,
  "min_accuracy": 0.921133007847501,
  "accuracy_degradation_pct": 4.55763931022475,
  "accuracy_violations_pct": 100.0,
  "mean_memory_mb": 305.9876855825315,
  "peak_memory_mb": 1079.6465179291542,
  "memory_reduction_pct": 84.70061572087343,
  "cost_per_inference": 0.0030772410659272637,
  "cost_reduction_pct": 93.84551786814546,
  "total_cost": 3.0772410659272635,
  "routing_entropy": 0.539520022731654,
  "routing_policy_regret": 0.5451210865208216,
  "mean_reward": 0.4548789134791784,
  "variant_distribution": {
    "0": 22,
    "1": 56,
    "2": 863,
    "3": 59
  },
  "accuracy_violation_rate_pct": 100.0,
  "accuracy_compliance_pct": 0.0,
  "overall_sla_compliance_pct": 0.0,
  "total_requests": 1000,
  "elapsed_time_seconds": 0.62762451171875,
  "average_rps": 1593.309345521735
}